{
  "project_info": {
    "project_number": "198536537696",
    "project_id": "kpsafe-d290c",
    "storage_bucket": "kpsafe-d290c.appspot.com"
  },
  "client": [
    {
      "client_info": {
        "mobilesdk_app_id": "1:198536537696:android:92f08c7f558de01f910505",
        "android_client_info": {
          "package_name": "com.example.kpsafe"
        }
      },
      "oauth_client": [
        {
          "client_id": "198536537696-a39jft30i7ser11d8r5694gb5d1vrp97.apps.googleusercontent.com",
          "client_type": 3
        }
      ],
      "api_key": [
        {
          "current_key": "AIzaSyBDMYBWAROORriRtoGUVNjxya3J2y93dDE"
        }
      ],
      "services": {
        "appinvite_service": {
          "other_platform_oauth_client": [
            {
              "client_id": "198536537696-a39jft30i7ser11d8r5694gb5d1vrp97.apps.googleusercontent.com",
              "client_type": 3
            }
          ]
        }
      }
    }
  ],
  "configuration_version": "1"
}